{
  "name": "Hello World",
  "alias": "helloworld",
  "description": "A simple Hello World module with settings page",
  "version": "1.0.0",
  "detailsUrl": "",
  "author": "FreeScout User",
  "authorUrl": "",
  "requiredAppVersion": "1.8.7",
  "license": "MIT",
  "keywords": [
    "hello",
    "world"
  ],
  "img": "/modules/helloworld/images/module.svg",
  "active": 0,
  "order": 0,
  "providers": [
    "Modules\\HelloWorld\\Providers\\HelloWorldServiceProvider"
  ],
  "aliases": {},
  "files": [
    "start.php"
  ],
  "requires": []
} 